Transaction,s05,2s,4s,6s,8s
Home Page,0.318,0.9990000000000001,0.9990000000000001,0.9990000000000001,0.9990000000000001
Search Page,0.369,0.9990000000000001,0.9990000000000001,0.9990000000000001,0.9990000000000001
Simple Form 1,0,0.862,0.9990000000000001,0.9990000000000001,0.9990000000000001
Simple Form 2,0.016,0.245,0.475,0.688,0.9179999999999999
TOTAL,0.17575000000000002,0.7762500000000001,0.8680000000000001,0.9212500000000001,0.97875
