sampler_label,standard_deviation_report_stddev
Home Page,400.3633573335603
Search Page,228.06521957259983
Simple Form 2,2522.527898063035
Simple Form 1,519.9806801485968
TOTAL,2023.672644996226
