Transaction,s05,2s,4s,6s,8s
Home Page,0.276,0.9990000000000001,0.9990000000000001,0.9990000000000001,0.9990000000000001
Search Page,0.41200000000000003,0.9990000000000001,0.9990000000000001,0.9990000000000001,0.9990000000000001
Simple Form 1,0,0.907,0.9990000000000001,0.9990000000000001,0.9990000000000001
Simple Form 2,0.016,0.209,0.40299999999999997,0.677,0.87
TOTAL,0.17600000000000002,0.7785000000000001,0.8500000000000001,0.9185000000000001,0.9667500000000001
