sampler_label,standard_deviation_report_stddev
Home Page,365.01164964792315
Search Page,223.27167840644896
Simple Form 2,2573.3320300716573
Simple Form 1,447.788284118388
TOTAL,2151.688384608972
