Transaction,s05,2s,4s,6s,8s
Home Page,0.311,0.9990000000000001,0.9990000000000001,0.9990000000000001,0.9990000000000001
Search Page,0.508,0.9990000000000001,0.9990000000000001,0.9990000000000001,0.9990000000000001
Simple Form 1,0,0.895,0.9990000000000001,0.9990000000000001,0.9990000000000001
Simple Form 2,0,0.127,0.327,0.636,0.727
TOTAL,0.20475,0.7550000000000001,0.8310000000000001,0.9082500000000001,0.931
