sampler_label,standard_deviation_report_stddev
Home Page,400.62485124167057
Search Page,199.19999276885912
Simple Form 2,2601.7289991703524
Simple Form 1,468.42470750081304
TOTAL,2341.381311599065
