Transaction,s05,2s,4s,6s,8s
jp@gc - Dummy Sampler,0.457,0.9990000000000001,0.9990000000000001,0.9990000000000001,0.9990000000000001
TOTAL,0.457,0.9990000000000001,0.9990000000000001,0.9990000000000001,0.9990000000000001
