Transaction,s05,2s,4s,6s,8s
HTTP Request,0.9990000000000001,0.9990000000000001,0.9990000000000001,0.9990000000000001,0.9990000000000001
TOTAL,0.9990000000000001,0.9990000000000001,0.9990000000000001,0.9990000000000001,0.9990000000000001
