Transaction,s05,2s,4s,6s,8s
Home Page,0.317,0.9990000000000001,0.9990000000000001,0.9990000000000001,0.9990000000000001
Search Page,0.508,0.9990000000000001,0.9990000000000001,0.9990000000000001,0.9990000000000001
Simple Form 1,0,0.895,0.9990000000000001,0.9990000000000001,0.9990000000000001
Simple Form 2,0.033,0.166,0.433,0.583,0.9
TOTAL,0.2145,0.76475,0.8575,0.895,0.9742500000000001
