sampler_label,standard_deviation_report_stddev
Home Page,430.15265678369354
Search Page,211.94281426145434
Simple Form 2,2602.365501434331
Simple Form 1,447.8575833125476
TOTAL,2244.3937132315514
