sampler_label,standard_deviation_report_stddev
Home Page,326.27106828525274
Search Page,224.87335255951967
Simple Form 2,2507.4230143395253
Simple Form 1,521.8019893749951
TOTAL,2368.6162843019956
